id,first_name,last_name,email,ip_address
1,Pall,MacCroary,pmaccroary0@dailymail.co.uk,188.212.158.80
2,Lockwood,Hunter,lhunter1@photobucket.com,51.238.130.160
3,Karena,Bracken,kbracken2@gravatar.com,152.248.245.94
4,Inessa,Weddell,iweddell3@shop-pro.jp,107.234.252.63
5,Elfie,Whitelock,ewhitelock4@kickstarter.com,66.219.89.105
6,Jay,McKenna,jmckenna5@upenn.edu,63.207.7.32
7,Wylie,Cosker,wcosker6@kickstarter.com,120.91.28.172
8,Lynnet,Signori,lsignori7@admin.ch,217.104.25.232
9,Nola,Connerly,nconnerly8@ucoz.com,185.17.120.173
10,Hughie,Pelcheur,hpelcheur9@tamu.edu,216.171.254.117
11,Alphard,Moffett,amoffetta@epa.gov,190.207.207.94
12,Wildon,Dickson,wdicksonb@surveymonkey.com,89.188.125.118
13,Laurette,Packington,lpackingtonc@linkedin.com,183.202.44.220
14,Honoria,Poulsom,hpoulsomd@howstuffworks.com,201.214.18.13
15,Nerita,Bernucci,nbernuccie@java.com,209.120.247.164
16,Milicent,Keward,mkewardf@sbwire.com,193.249.253.126
17,Gabrielle,Clyant,gclyantg@theatlantic.com,158.66.223.106
18,Bailie,Tarquinio,btarquinioh@toplist.cz,228.210.203.38
19,Abba,Palfreeman,apalfreemani@sciencedaily.com,0.184.193.158
20,Rozina,Martinuzzi,rmartinuzzij@yolasite.com,215.140.78.250
21,Elita,Petrazzi,epetrazzik@usatoday.com,227.133.194.151
22,Ddene,Kemball,dkemballl@chicagotribune.com,44.169.86.65
23,Keir,Johnsson,kjohnssonm@apache.org,93.55.117.177
24,Eleanore,Valentim,evalentimn@icio.us,120.55.144.195
25,Jessika,Probets,jprobetso@go.com,174.104.100.1
26,Hannie,Proffitt,hproffittp@cdc.gov,45.160.11.57
27,Huntlee,Wimlet,hwimletq@army.mil,155.103.133.78
28,Felic,Hibling,fhiblingr@naver.com,3.80.84.4
29,Engracia,Morando,emorandos@behance.net,255.202.155.119
30,Zorina,Narramore,znarramoret@deviantart.com,149.248.116.237
31,Renard,Barrass,rbarrassu@purevolume.com,198.220.205.73
32,Jerry,Gander,jganderv@comsenz.com,87.173.82.35
33,Avie,Moorhouse,amoorhousew@un.org,170.156.247.156
34,Shermy,Todd,stoddx@ibm.com,90.142.87.5
35,Justinian,Swaffield,jswaffieldy@ucla.edu,69.65.19.235
36,Jillene,Martina,jmartinaz@google.cn,87.186.54.129
37,Darlleen,Frake,dfrake10@wiley.com,198.9.156.159
38,Paten,MacClure,pmacclure11@simplemachines.org,46.45.238.64
39,Craggie,Sprake,csprake12@nsw.gov.au,31.18.34.56
40,Frankie,Le Brun,flebrun13@sfgate.com,32.89.143.5
41,Marina,Pitt,mpitt14@answers.com,118.56.176.251
42,Herb,Walas,hwalas15@com.com,97.233.136.88
43,Brooke,McCobb,bmccobb16@360.cn,215.107.76.255
44,Adham,Argue,aargue17@ow.ly,67.3.127.0
45,Benjy,Colafate,bcolafate18@mail.ru,195.50.4.32
46,Ermentrude,Burger,eburger19@slate.com,158.90.132.189
47,Broddy,Bolliver,bbolliver1a@instagram.com,9.235.21.227
48,Broderick,Walicki,bwalicki1b@instagram.com,155.183.171.70
49,Joelie,Muddle,jmuddle1c@cbc.ca,57.87.165.230
50,Artemas,Banat,abanat1d@wsj.com,34.154.63.220
51,Sydel,Arend,sarend1e@google.com.hk,151.238.228.156
52,Jami,McNiff,jmcniff1f@sina.com.cn,32.45.81.66
53,Rodolphe,Mingey,rmingey1g@paginegialle.it,118.118.4.101
54,Harriett,Fearnall,hfearnall1h@theguardian.com,178.96.228.56
55,Rachele,Parrett,rparrett1i@fotki.com,253.16.194.175
56,Kristopher,Merrick,kmerrick1j@spotify.com,121.11.104.135
57,Nadeen,Mattioli,nmattioli1k@addtoany.com,87.80.80.14
58,Dasya,Evangelinos,devangelinos1l@imageshack.us,156.241.153.9
59,Rikki,Adhams,radhams1m@si.edu,77.138.91.45
60,Weidar,Warrick,wwarrick1n@mapy.cz,196.224.26.221
61,Sydelle,Rimer,srimer1o@skype.com,96.104.232.130
62,Binky,Hoopper,bhoopper1p@berkeley.edu,67.155.11.56
63,Wilma,Tallman,wtallman1q@washington.edu,230.22.120.107
64,Reuben,Benzi,rbenzi1r@businesswire.com,143.13.123.58
65,Grant,Dametti,gdametti1s@marriott.com,198.181.164.17
66,Jena,Castard,jcastard1t@exblog.jp,148.130.29.143
67,Ashely,MacTrusty,amactrusty1u@mashable.com,240.133.24.170
68,Ina,Chicotti,ichicotti1v@admin.ch,49.148.109.66
69,Alma,Hannant,ahannant1w@bbc.co.uk,100.8.10.145
70,Haily,Britee,hbritee1x@arizona.edu,137.85.29.155
71,Joly,Pakeman,jpakeman1y@phoca.cz,77.29.110.3
72,Anissa,Irce,airce1z@canalblog.com,238.0.211.109
73,Joelly,Valintine,jvalintine20@huffingtonpost.com,226.193.62.15
74,Malorie,Tant,mtant21@wisc.edu,231.90.117.143
75,Ax,Grayham,agrayham22@blinklist.com,116.10.163.186
76,Idelle,Seaborne,iseaborne23@desdev.cn,86.75.12.119
77,Kilian,Ryson,kryson24@washington.edu,210.118.54.83
78,Stacy,Reynolds,sreynolds25@yellowbook.com,5.98.185.30
79,Harry,Wodham,hwodham26@last.fm,245.174.247.22
80,Jewelle,Strettell,jstrettell27@japanpost.jp,172.194.124.17
81,Winthrop,De Caroli,wdecaroli28@twitter.com,238.133.151.70
82,Morissa,Esposito,mesposito29@tmall.com,161.86.23.237
83,Waring,Seide,wseide2a@ca.gov,166.63.242.146
84,Vanna,Brody,vbrody2b@newsvine.com,102.169.148.240
85,Lindsey,Wistance,lwistance2c@lulu.com,93.19.58.137
86,Carlie,Helix,chelix2d@tinypic.com,67.142.159.154
87,Pamela,Normand,pnormand2e@nationalgeographic.com,190.96.241.133
88,Lotti,Rigby,lrigby2f@creativecommons.org,173.55.245.171
89,Curran,Collett,ccollett2g@businesswire.com,71.233.200.95
90,Julie,Lockhead,jlockhead2h@hostgator.com,169.112.71.143
91,Annaliese,Gibbins,agibbins2i@i2i.jp,170.78.25.97
92,Ludwig,Pottberry,lpottberry2j@chicagotribune.com,189.113.30.207
93,Kathi,McGeffen,kmcgeffen2k@gravatar.com,109.38.190.214
94,Jamima,Bruckner,jbruckner2l@google.com.br,32.247.35.167
95,Carlota,Spadotto,cspadotto2m@zdnet.com,224.81.30.41
96,Thaddus,Haile,thaile2n@cbslocal.com,40.76.159.39
97,Brinn,Sloss,bsloss2o@privacy.gov.au,88.218.9.76
98,Daria,Jeandillou,djeandillou2p@yandex.ru,201.193.116.135
99,Barr,Spacy,bspacy2q@amazon.com,73.121.125.233
100,Jaime,Shephard,jshephard2r@csmonitor.com,102.71.193.129
